{
	"name": "t:sections.header.name",
	"type": "header",
	"sections": {
		"announcement-bar": {
			"type": "announcement-bar",
			"blocks": {
				"announcement-bar-0": {
					"type": "announcement",
					"settings": {
						"text": "WELCOME TO THE MERCH STORE OF APE #579",
						"text_alignment": "center",
						"color_scheme": "accent-1",
						"link": ""
					}
				}
			},
			"block_order": ["announcement-bar-0"],
			"settings": {}
		},
		"header": {
			"type": "header",
			"settings": {
				"logo_position": "middle-left",
				"menu": "main-menu",
				"menu_type_desktop": "dropdown",
				"sticky_header_type": "on-scroll-up",
				"show_line_separator": false,
				"color_scheme": "background-1",
				"enable_country_selector": false,
				"enable_language_selector": false,
				"mobile_logo_position": "center",
				"margin_bottom": 0,
				"padding_top": 20,
				"padding_bottom": 20
			}
		}
	},
	"order": ["announcement-bar", "header"]
}