{
	"sections": {
		"image-with-text": {
			"type": "image-with-text",
			"blocks": {
				"heading": {
					"type": "heading",
					"settings": {
						"heading": "BROWSE OUR LATEST PRODUCTS",
						"heading_size": "h0"
					}
				},
                "subheading": {
					"type": "heading",
					"settings": {
						"heading": "BROWSE OUR LATEST PRODUCTS",
						"heading_size": "h0"
					}
				},
				"button": {
					"type": "button",
					"settings": {
						"button_label": "EXPLORE NOW",
						"button_link": "shopify:\/\/collections\/all"
					}
				}
			},
			"block_order": ["heading", "button"],
			"settings": {
                "image": "shopify:\/\/shop_images\/bayc-2.png",
				"height": "adapt",
				"desktop_image_width": "small",
				"layout": "text_first",
				"desktop_content_position": "middle",
				"desktop_content_alignment": "left",
				"content_layout": "no-overlap",
				"color_scheme": "background-1",
				"image_behavior": "none",
				"mobile_content_alignment": "left",
				"padding_top": 40,
				"padding_bottom": 0
			}
		},
		"featured_collection": {
			"type": "featured-collection",
			"settings": {
				"title": "",
				"heading_size": "h2",
				"description": "",
				"show_description": false,
				"description_style": "body",
				"collection": "all",
				"products_to_show": 4,
				"columns_desktop": 4,
				"full_width": false,
				"show_view_all": false,
				"view_all_style": "solid",
				"enable_desktop_slider": false,
				"color_scheme": "background-1",
				"image_ratio": "portrait",
				"show_secondary_image": false,
				"show_vendor": false,
				"show_rating": false,
				"enable_quick_add": false,
				"columns_mobile": "2",
				"swipe_on_mobile": false,
				"padding_top": 0,
				"padding_bottom": 40
			}
		}
	},
	"order": ["image-with-text", "featured_collection"]
}